"","num Df","den Df","MSE","F","ges","Pr(>F)"
"L1",1,209,1.57832436204147,0.217622235184381,0.000619038855960965,0.641343538297365
"pre_post",1,209,1.07485372893697,8.40861864626815,0.0160376167586478,0.00413345391403741
"L1:pre_post",1,209,1.07485372893697,6.71545318172628,0.0128497671216688,0.0102319029811054
